,text_clean
0,i have more btc than warren buffett and charle munger combined and this is all what matters longterm see you in couple of decades grandpas oh wait
1,buffett near death and charle munger hit 90 dead brain
2,from easy honeycrisp apple cake to homemade spiked cider to slow cooker apple butter youll want to put on everything
4,i just hate you go to hell
5,an 8milelong canvas discovered in the amazon rainforest it contains ice age drawings of longextinct animals
6,ouching north america and europe at the same time
7,this is bjp mla nand kishore gujjar he also spoke at the same event with parvesh varma hatespeech
8,if i was as black as you i wouldnt be able to find myself in the dark
9,you are just a girl shut up and listen
